song,artist_name,artist_count,released_year,released_month,released_day,in_spotify_playlists,in_spotify_charts,danceability,valence,energy,acousticness,instrumentalness,liveness,speechiness
Queencard,(G)I-DLE,1,2023,5,15,451,33,82,69,83,3,0,27,5
Nxde,(G)I-DLE,1,2022,10,17,430,6,73,65,91,4,0,48,18
thought i was playing,"21 Savage, Gunna",2,2022,1,7,807,0,68,29,73,0,0,7,7
Mood (feat. Iann Dior),"24kgoldn, Iann Dior",2,2020,7,24,12854,0,70,76,72,22,0,27,4
In Da Club,50 Cent,1,2002,1,1,30427,7,90,79,71,26,0,7,37
"Am I Dreaming (Metro Boomin & A$AP Rocky, Roisee)","A$AP Rocky, Metro Boomin, Roisee",3,2023,6,2,727,16,60,13,53,4,0,21,4
Obsessed,"Abhijay Sharma, Riar Saab",2,2022,9,29,161,6,80,85,74,62,0,8,9
We Don't Talk About Bruno,"Adassa, Mauro Castillo, Stephanie Beatriz, Encanto - Cast, Rhenzy Feliz, Diane Guerrero, Carolina Gaitan",7,2021,11,19,2785,0,58,83,45,36,0,11,8
Set Fire to the Rain,Adele,1,2011,1,1,14739,43,61,47,68,0,0,13,3
Easy On Me,Adele,1,2021,10,14,10195,20,60,13,37,58,0,13,3
Oh My God,Adele,1,2021,11,19,4431,0,53,55,73,9,0,3,5
Rolling in the Deep,Adele,1,2010,11,29,35684,6,73,52,76,13,0,5,3
Dream On,Aerosmith,1,1973,1,5,168,0,39,24,43,39,0,23,3
Haegeum,Agust D,1,2023,4,21,244,12,70,83,84,31,0,47,30
Take On Me,a-ha,1,1984,10,19,44927,17,57,86,90,2,0,9,5
Mon Amour - Remix,"Aitana, zzoilo",2,2020,9,21,3221,2,75,36,76,12,0,10,10
Let Me Down Slowly,Alec Benjamin,1,2018,5,25,5897,19,65,51,55,73,0,14,3
Nosso Quadro,"Ana Castela, AgroPlay",2,2023,2,2,894,9,69,61,71,33,0,31,20
It's the Most Wonderful Time of the Year,Andy Williams,1,1963,10,14,8879,0,24,76,60,77,0,12,4
Tak Segampang Itu,Anggi Marito,1,2022,12,2,213,6,51,18,44,76,0,11,3
Envolver,Anitta,1,2021,11,11,4673,2,81,40,73,15,0,9,8
La Loto,"Anitta, Tini, Becky G",3,2022,7,6,945,0,85,80,83,10,0,8,11
Tom's Diner,"AnnenMayKantereit, Giant Rooks",2,2019,6,28,2605,0,68,33,43,38,0,36,14
Ley Seca,"Anuel Aa, Jhay Cortez",2,2021,9,2,2012,0,76,58,84,10,0,13,10
La Jumpa,"Arcangel, Bad Bunny",2,2022,11,30,3794,34,71,58,70,30,0,32,19
I Wanna Be Yours,Arctic Monkeys,1,2013,1,1,12859,110,48,44,42,12,2,11,3
505,Arctic Monkeys,1,2007,4,20,13985,25,52,20,85,0,0,7,5
Do I Wanna Know?,Arctic Monkeys,1,2013,1,1,33783,26,55,42,53,17,0,22,3
Why'd You Only Call Me When You're High?,Arctic Monkeys,1,2013,1,1,23389,29,70,81,63,4,0,8,4
Santa Tell Me,Ariana Grande,1,2013,12,13,9408,0,46,53,63,5,0,30,18
positions,Ariana Grande,1,2020,10,23,8207,0,73,66,80,44,0,9,12
Die For You - Remix,"Ariana Grande, The Weeknd",2,2023,2,24,3408,47,53,50,53,23,0,44,7
Save Your Tears (with Ariana Grande) (Remix),"Ariana Grande, The Weeknd",2,2020,3,20,9161,5,65,63,79,3,0,10,3
"Apna Bana Le (From ""Bhediya"")","Arijit Singh, Sachin-Jigar",2,2022,11,5,86,0,59,44,56,80,0,6,3
"Phir Aur Kya Chahiye (From ""Zara Hatke Zara Bachke"")","Arijit Singh, Sachin-Jigar, Amitabha Bhattacharya",3,2023,5,15,178,6,56,53,55,53,0,12,4
Jhoome Jo Pathaan,"Arijit Singh, Vishal Dadlani, Sukriti Kakar, Vishal-Shekhar, Shekhar Ravjiani, Kumaar",6,2022,12,22,138,4,82,62,74,10,0,33,7
BILLIE EILISH.,Armani White,1,2022,1,20,2537,0,90,75,50,11,0,9,26
The Nights,Avicii,1,2014,1,1,17354,8,53,66,85,2,0,24,4
Wake Me Up - Radio Edit,Avicii,1,2013,1,1,50887,34,53,66,78,0,0,16,5
MONTAGEM - FR PUNK,"Ayparia, unxbected",2,2012,6,20,641,50,63,84,82,70,8,9,7
PUNTO 40,"Baby Rasta, Rauw Alejandro",2,2022,9,22,3006,12,87,20,83,0,4,31,9
"Hey, Mickey!",Baby Tate,1,2016,9,27,482,0,92,73,51,55,0,15,6
WHERE SHE GOES,Bad Bunny,1,2023,5,18,3133,50,65,23,80,14,63,11,6
Efecto,Bad Bunny,1,2022,5,6,4004,33,80,23,48,14,0,6,5
Neverita,Bad Bunny,1,2022,5,6,2590,30,88,43,50,7,0,14,5
Moscow Mule,Bad Bunny,1,2022,5,6,4572,33,80,29,67,29,0,12,3
Yonaguni,Bad Bunny,1,2021,6,4,9644,28,64,44,65,28,0,14,12
A Tu Merced,Bad Bunny,1,2020,2,29,4214,11,86,89,79,17,0,11,6
La Zona,Bad Bunny,1,2020,2,29,1188,0,76,81,80,20,0,25,4
Un Ratito,Bad Bunny,1,2022,5,6,1112,6,79,22,55,31,0,12,5
Yo No Soy Celoso,Bad Bunny,1,2022,5,6,1179,0,87,93,59,28,0,17,5
Me Fui de Vacaciones,Bad Bunny,1,2022,5,6,1443,0,71,43,65,23,0,9,5
Dos Mil 16,Bad Bunny,1,2022,5,6,892,3,82,50,67,12,0,13,5
Un Coco,Bad Bunny,1,2022,5,6,1029,28,84,74,69,21,0,18,6
Aguacero,Bad Bunny,1,2022,5,6,829,0,86,67,65,42,0,35,7
Un Verano Sin Ti,Bad Bunny,1,2022,5,6,1004,1,50,41,50,69,0,12,6
Agosto,Bad Bunny,1,2022,5,6,897,0,85,72,58,9,0,49,12
Coco Chanel,"Bad Bunny, Eladio Carrion",2,2023,3,17,1962,38,68,14,76,4,0,10,4
un x100to,"Bad Bunny, Grupo Frontera",2,2023,4,17,2876,40,57,56,72,23,0,27,5
Tarot,"Bad Bunny, Jhay Cortez",2,2022,5,6,2482,20,80,42,68,2,0,66,4
Dakiti,"Bad Bunny, Jhay Cortez",2,2020,10,30,11215,21,73,14,57,40,0,11,5
Party,"Bad Bunny, Rauw Alejandro",2,2022,5,6,3185,4,83,47,80,2,0,24,9
Callaita,"Bad Bunny, Tainy",2,2019,5,31,9539,15,61,24,62,60,0,24,31
Do They Know It's Christmas? - 1984 Version,Band Aid,1,1984,11,25,14169,0,60,23,57,0,2,27,3
Space Song,Beach House,1,2015,1,1,17852,4,51,62,79,22,13,14,3
"Sex, Drugs, Etc.",Beach Weather,1,2016,11,4,3006,16,57,47,84,1,1,52,4
I'm Good (Blue),"Bebe Rexha, David Guetta",2,2022,8,26,12482,80,56,38,97,4,0,35,4
Chanel,"Becky G, Peso Pluma",2,2023,3,30,681,10,85,53,68,40,0,9,4
Gatita,Bellakath,1,2022,10,3,1054,0,90,76,81,15,24,33,6
In The Stars,Benson Boone,1,2022,4,29,2224,8,36,30,54,34,0,14,5
Los del Espacio,"Big One, Duki, Lit Killah, Maria Becerra, FMK, Rusherking, Emilia, Tiago pzk",8,2023,6,1,1150,31,81,63,68,11,0,11,4
Un Finde | CROSSOVER #2,"Big One, FMK, Ke personajes",3,2023,4,4,561,14,50,85,52,11,0,28,6
Still Life,BIGBANG,1,2022,4,5,181,0,68,24,58,44,0,6,3
"What Was I Made For? [From The Motion Picture ""Barbie""]",Billie Eilish,1,2023,7,13,873,104,44,14,9,96,0,10,3
TV,Billie Eilish,1,2022,7,21,3009,2,41,9,25,84,1,14,4
Happier Than Ever,Billie Eilish,1,2021,7,30,8476,0,31,31,24,76,0,14,4
Bored,Billie Eilish,1,2017,3,30,4204,0,60,11,33,90,0,8,5
Happier Than Ever - Edit,Billie Eilish,1,2021,7,28,1959,0,45,12,57,7,0,23,3
lovely - Bonus Track,"Billie Eilish, Khalid",2,2017,8,11,15032,30,35,12,30,93,0,10,3
White Christmas,"Bing Crosby, John Scott Trotter & His Orchestra, Ken Darby Singers",3,1942,1,1,11940,0,23,19,25,91,0,40,3
"Paulo Londra: Bzrp Music Sessions, Vol. 23","Bizarrap, Paulo Londra",2,2022,4,25,928,0,61,32,90,25,0,10,9
"Peso Pluma: Bzrp Music Sessions, Vol. 55","Bizarrap, Peso Pluma",2,2023,5,31,1313,40,85,81,67,26,0,12,5
"Quevedo: Bzrp Music Sessions, Vol. 52","Bizarrap, Quevedo",2,2022,7,6,8506,45,62,55,78,1,3,23,4
"Tiago PZK: Bzrp Music Sessions, Vol. 48","Bizarrap, Tiago pzk",2,2021,12,29,1678,12,66,76,82,47,0,10,32
"Villano Antillano: Bzrp Music Sessions, Vol. 51","Bizarrap, Villano Antillano",2,2022,6,8,1401,0,82,42,75,6,0,63,6
IDGAF (with blackbear),"Blackbear, BoyWithUke",2,2022,3,18,625,0,78,83,75,41,0,27,8
Shut Down,BLACKPINK,1,2022,9,16,1524,17,82,67,69,0,0,18,4
Pink Venom,BLACKPINK,1,2022,8,19,1963,16,80,71,69,2,0,27,10
Typa Girl,BLACKPINK,1,2022,9,16,452,10,92,53,62,7,0,63,10
Las Morras,"BLESSD, Peso Pluma",2,2023,4,4,291,8,78,90,84,31,0,7,4
Jingle Bell Rock,Bobby Helms,1,1957,1,1,10326,0,74,78,37,84,0,6,3
Toxic,BoyWithUke,1,2021,9,10,1795,0,59,69,61,84,0,46,36
Rockin' Around The Christmas Tree,Brenda Lee,1,1958,1,1,14994,0,70,85,41,71,0,45,5
My Only Wish (This Year),Britney Spears,1,2000,11,7,6952,0,67,69,72,17,0,19,3
LOKERA,"Brray, Rauw Alejandro, Lyanno",3,2022,7,25,3301,30,83,58,83,21,0,10,5
Locked Out Of Heaven,Bruno Mars,1,2012,12,5,1622,9,73,87,70,6,0,28,5
When I Was Your Man,Bruno Mars,1,2012,12,5,2420,11,60,43,27,94,0,14,4
Just The Way You Are,Bruno Mars,1,2010,1,1,21106,13,63,46,85,1,0,9,5
Talking To The Moon,Bruno Mars,1,2010,10,4,7109,2,52,7,61,51,0,11,3
Smokin Out The Window,"Bruno Mars, Anderson .Paak, Silk Sonic",3,2021,11,5,4963,0,63,85,62,6,0,35,4
Leave The Door Open,"Bruno Mars, Anderson .Paak, Silk Sonic",3,2021,3,5,14417,0,59,72,62,18,0,9,3
Take Two,BTS,1,2023,6,9,674,47,62,57,59,3,0,38,3
Butter,BTS,1,2021,5,21,4779,6,79,70,36,0,0,6,11
Dynamite,BTS,1,2020,8,21,8528,5,75,74,77,1,0,9,10
Permission to Dance,BTS,1,2021,7,9,1801,2,70,65,74,1,0,34,4
Yet To Come,BTS,1,2022,6,10,829,0,56,68,89,4,0,33,19
Run BTS,BTS,1,2022,6,10,736,0,72,70,82,2,0,4,17
For Youth,BTS,1,2022,6,10,327,0,63,29,51,43,0,25,4
Born Singer,BTS,1,2022,6,10,279,0,60,68,84,4,0,24,11
Dreamers [Music from the FIFA World Cup Qatar 2022 Official Soundtrack],"BTS, Jung Kook, FIFA Sound",3,2022,11,20,889,20,71,34,88,16,0,44,4
A Holly Jolly Christmas - Single Version,Burl Ives,1,1952,1,1,7930,0,67,81,36,64,0,15,3
Last Last,Burna Boy,1,2022,5,12,4526,12,80,55,56,13,0,8,9
Alone,Burna Boy,1,2022,11,4,782,2,61,32,67,15,0,11,5
Andrea,"Buscabulla, Bad Bunny",2,2022,5,6,1195,0,80,45,62,76,0,10,38
Belly Dancer,"BYOR, Imanbek",2,2022,2,18,5115,13,85,42,80,6,0,17,14
Demasiadas Mujeres,C. Tangana,1,2020,10,8,2226,0,67,37,46,13,0,10,39
One Kiss (with Dua Lipa),"Calvin Harris, Dua Lipa",2,2017,6,2,27705,10,79,59,86,4,0,8,11
Potion (with Dua Lipa & Young Thug),"Calvin Harris, Dua Lipa, Young Thug",3,2022,5,27,3983,0,82,76,70,16,0,8,5
Miracle (with Ellie Goulding),"Calvin Harris, Ellie Goulding",2,2023,3,10,5120,48,64,31,87,4,4,8,4
"Stay With Me (with Justin Timberlake, Halsey, & Pharrell)","Calvin Harris, Halsey, Pharrell Williams, Justin Timberlake",4,2022,7,15,3113,0,81,90,73,28,0,29,4
Bam Bam (feat. Ed Sheeran),"Camila Cabello, Ed Sheeran",2,2022,3,4,6111,4,76,96,70,18,0,33,4
psychofreak (feat. WILLOW),"Camila Cabello, Willow",2,2022,4,7,918,0,63,45,64,34,0,9,8
Primera Cita,Carin Leon,1,2022,4,20,266,27,54,50,40,61,0,10,6
Que Vuelvas,"Carin Leon, Grupo Frontera",2,2022,12,9,763,26,49,78,64,19,0,11,4
Shorty Party,"Cartel De Santa, La Kelly",2,2023,3,4,432,12,93,47,47,33,0,10,36
LET GO,Central Cee,1,2022,12,15,2301,20,74,51,45,86,0,21,38
Doja,Central Cee,1,2022,7,20,4169,44,91,97,57,38,0,40,29
SloMo,Chanel,1,2021,12,24,1211,0,73,59,81,13,0,9,6
OUT OUT (feat. Charli XCX & Saweetie),"Charli XCX, Jax Jones, Joel Corry, Saweetie",4,2021,8,13,6890,0,79,79,84,2,0,5,5
Light Switch,Charlie Puth,1,2022,1,19,4049,0,69,91,63,11,0,9,31
That's Hilarious,Charlie Puth,1,2022,4,8,686,2,71,55,44,74,0,11,6
Left and Right (Feat. Jung Kook of BTS),"Charlie Puth, BTS, Jung Kook",3,2022,6,24,3107,39,88,72,59,62,0,9,3
Swim,Chase Atlantic,1,2017,10,4,2742,0,67,8,54,27,0,8,4
Me Porto Bonito,"Chencho Corleone, Bad Bunny",2,2022,5,6,8870,43,91,43,71,9,0,9,8
Desesperados,"Chencho Corleone, Rauw Alejandro",2,2021,6,25,6821,34,87,51,69,36,0,9,8
Do It To It,"Cherish, ACRAZE",2,2021,8,20,12403,0,85,64,81,2,5,7,9
Me and Your Mama,Childish Gambino,1,2016,11,10,8775,0,56,25,45,1,3,7,3
El Gordo Trae El Mando,Chino Pacas,1,2023,1,27,539,21,74,96,80,18,0,5,5
Under The Influence,Chris Brown,1,2019,10,4,3859,26,73,31,69,6,0,11,4
Yellow,Chris Molitor,1,1999,1,1,31358,43,43,28,66,0,0,23,3
Driving Home for Christmas - 2019 Remaster,Chris Rea,1,1986,1,1,888,0,51,87,58,36,0,18,4
Ya No Somos Ni Seremos,Christian Nodal,1,2022,2,18,866,16,59,73,45,44,0,34,3
Run Rudolph Run - Single Version,Chuck Berry,1,1958,1,1,8612,0,69,94,71,79,0,7,8
Apocalypse,Cigarettes After Sex,1,2017,3,21,13091,17,37,17,47,2,46,11,3
love nwantiti (ah ah ah),Ckay,1,2019,7,26,5669,2,74,53,73,61,0,13,4
Love Nwantiti - Remix,"Ckay, AX'EL, Dj Yo!",3,2019,8,30,2696,0,58,44,60,44,9,5,6
Players,Coi Leray,1,2022,11,30,4096,6,95,62,52,3,0,5,16
Viva La Vida,Coldplay,1,2008,1,1,33898,62,49,42,62,9,0,11,3
The Scientist,Coldplay,1,2002,8,5,30992,6,56,21,44,73,0,11,2
Sparks,Coldplay,1,2000,7,10,10826,4,37,17,27,75,5,10,3
My Universe,"Coldplay, BTS",2,2021,9,24,6127,13,58,42,68,1,0,14,4
Heather,Conan Gray,1,2020,3,20,6170,7,47,25,43,62,0,32,3
Gangsta's Paradise,"Coolio, L.V.",2,1995,7,11,10624,17,63,40,61,9,0,56,6
Have You Ever Seen The Rain?,Creedence Clearwater Revival,1,1968,7,1,15890,14,74,76,70,7,0,13,3
Here With Me,d4vd,1,2022,7,17,3246,23,58,27,48,50,0,12,3
Romantic Homicide,d4vd,1,2022,7,20,2335,23,56,20,55,45,1,32,3
Gasolina,Daddy Yankee,1,2004,7,13,6457,18,86,74,80,33,0,8,6
La Santa,"Daddy Yankee, Bad Bunny",2,2020,2,29,4890,20,74,59,87,3,0,8,5
Fuera del mercado,Danny Ocean,1,2022,2,17,2499,21,45,27,67,32,0,13,14
Christmas (Baby Please Come Home),Darlene Love,1,1963,11,22,9122,0,34,35,76,39,0,8,5
Starlight,Dave,1,2022,3,3,1856,3,95,36,37,35,0,10,28
Sprinter,"Dave, Central Cee",2,2023,6,1,2186,91,92,66,58,19,0,8,24
Baby Don't Hurt Me,"David Guetta, Anne-Marie, Coi Leray",3,2023,4,6,4277,66,60,23,91,0,0,12,3
Crazy What Love Can Do,"David Guetta, Ella Henderson, Becky Hill",3,2022,3,18,5290,0,60,46,71,3,0,16,4
Don't You Worry,"David Guetta, Shakira, Black Eyed Peas",3,2022,6,16,2442,0,82,49,88,20,0,21,3
Daylight,David Kushner,1,2023,4,14,3528,98,51,32,43,83,0,9,3
Miserable Man,David Kushner,1,2022,1,7,788,0,63,31,35,93,0,29,3
Si Quieren Frontear,"De La Ghetto, Duki, Quevedo",3,2022,3,31,859,0,79,48,84,13,0,21,23
ULTRA SOLO REMIX,"De La Ghetto, Feid, Polima WestCoast, Paloma Mami, Pailita",5,2022,6,16,2341,0,91,59,82,8,0,6,8
How Do I Say Goodbye,Dean Lewis,1,2022,8,5,2163,15,40,39,64,21,0,7,7
Let It Snow! Let It Snow! Let It Snow!,Dean Martin,1,1959,11,16,6512,0,45,72,24,91,0,18,4
Cool for the Summer,Demi Lovato,1,2015,1,1,9243,0,59,30,62,1,0,8,4
Evoque Prata,"DJ Escobar, MC MENOR SG, MC MENOR HR",3,2022,9,9,852,0,87,52,52,31,0,28,24
What It Is (Solo Version),Doechii,1,2023,3,17,804,25,74,76,76,6,0,10,9
Woman,Doja Cat,1,2021,6,25,9424,0,82,88,76,9,0,12,9
Need To Know,Doja Cat,1,2021,6,11,6672,0,66,19,61,30,0,9,7
Get Into It (Yuh),Doja Cat,1,2021,6,25,4999,0,91,79,66,32,0,9,16
Streets,Doja Cat,1,2019,11,7,5728,0,75,19,46,21,4,34,8
Ain't Shit,Doja Cat,1,2021,6,25,3436,0,86,62,49,51,0,35,21
Vegas (From the Original Motion Picture Soundtrack ELVIS),Doja Cat,1,2022,5,6,4576,0,80,74,60,8,0,14,26
You Right,"Doja Cat, The Weeknd",2,2021,6,24,5073,0,83,44,62,2,0,8,6
Danza Kuduro,"Don Omar, Lucenzo",2,2010,1,1,17138,37,47,86,92,8,0,5,24
Private Landing (feat. Justin Bieber & Future),"Don Toliver, Future, Justin Bieber",3,2023,2,23,1190,0,84,44,67,8,0,11,6
Boyfriend,Dove Cameron,1,2022,2,11,3766,0,35,23,61,23,0,19,6
California Love - Original Version (Explicit),"Dr. Dre, 2Pac, Roger",3,1995,12,28,18773,0,77,76,84,3,0,38,4
Still D.R.E.,"Dr. Dre, Snoop Dogg",2,1999,1,1,33966,0,81,53,78,18,0,6,24
The Next Episode,"Dr. Dre, Snoop Dogg",2,1999,1,1,31762,0,92,31,89,3,0,8,25
Search & Rescue,Drake,1,2023,4,7,2066,6,82,54,44,6,0,33,7
Massive,Drake,1,2022,6,17,5263,0,51,5,68,12,2,15,6
Sticky,Drake,1,2022,6,17,2814,0,88,8,49,9,0,9,14
BackOutsideBoyz,Drake,1,2022,11,4,1045,0,85,40,43,4,0,39,32
Jimmy Cooks (feat. 21 Savage),"Drake, 21 Savage",2,2022,6,17,5871,27,54,40,67,0,0,9,17
Rich Flex,"Drake, 21 Savage",2,2022,11,4,4657,18,56,42,52,5,0,36,24
Major Distribution,"Drake, 21 Savage",2,2022,11,4,1545,0,91,23,55,1,0,7,32
On BS,"Drake, 21 Savage",2,2022,11,4,1338,0,84,33,36,2,0,39,59
Circo Loco,"Drake, 21 Savage",2,2022,11,4,1794,0,73,25,61,1,0,32,7
Spin Bout U,"Drake, 21 Savage",2,2022,11,4,1652,2,77,20,70,1,0,16,5
Privileged Rappers,"Drake, 21 Savage",2,2022,11,4,1007,0,93,62,61,0,0,12,20
Broke Boys,"Drake, 21 Savage",2,2022,11,4,1060,0,64,11,53,1,0,25,27
STAYING ALIVE (feat. Drake & Lil Baby),"Drake, DJ Khaled, Lil Baby",3,2022,8,5,2107,0,72,18,46,7,0,28,8
WAIT FOR U (feat. Drake & Tems),"Drake, Future, Tems",3,2022,4,27,5491,14,46,34,64,31,0,7,34
Way 2 Sexy (with Future & Young Thug),"Drake, Future, Young Thug",3,2021,9,3,5481,0,80,33,60,0,0,32,14
Knife Talk (with 21 Savage ft. Project Pat),"Drake, Project Pat, 21 Savage",3,2021,9,3,5199,0,85,22,37,13,0,7,30
Fair Trade (with Travis Scott),"Drake, Travis Scott",2,2021,9,3,5403,6,67,29,47,5,0,22,26
Pussy & Millions (feat. Travis Scott),"Drake, Travis Scott, 21 Savage",3,2022,11,4,1930,0,75,45,63,6,0,35,12
One Dance,"Drake, WizKid, Kyla",3,2016,4,4,43257,24,77,36,63,1,0,36,5
Dance The Night (From Barbie The Album),Dua Lipa,1,2023,5,25,2988,101,67,78,85,2,0,33,5
Don't Start Now,Dua Lipa,1,2019,10,31,27119,0,79,68,79,1,0,10,8
Levitating,Dua Lipa,1,2020,3,27,9833,0,69,90,88,5,0,29,8
Levitating (feat. DaBaby),"Dua Lipa, DaBaby",2,2020,3,27,15894,8,70,92,83,1,0,7,6
Cold Heart - PNAU Remix,"Dua Lipa, Elton John, Pnau",3,2017,11,10,21097,52,80,92,80,4,0,10,3
Sweetest Pie,"Dua Lipa, Megan Thee Stallion",2,2022,3,11,3501,0,81,68,63,17,0,10,22
Antes de Perderte,Duki,1,2022,6,2,584,8,81,61,93,49,0,12,11
GIVENCHY,Duki,1,2022,7,20,625,4,61,38,62,14,0,23,40
Marisola - Remix,"Duki, NICKI NICOLE, Cris Mj, Standly, Stars Music Chile",5,2022,12,15,1845,16,77,72,87,17,0,7,5
Arcade,Duncan Laurence,1,2019,3,7,6646,0,45,27,33,82,0,14,4
Perfect,Ed Sheeran,1,2017,1,1,16596,13,60,17,45,16,0,11,2
Shape of You,Ed Sheeran,1,2017,1,6,32181,10,83,93,65,58,0,9,8
Eyes Closed,Ed Sheeran,1,2023,3,23,2915,30,78,39,53,30,0,11,6
Curtains,Ed Sheeran,1,2023,5,5,715,0,50,44,76,10,0,32,5
Shivers,Ed Sheeran,1,2021,9,9,10147,30,79,82,86,28,0,4,9
Bad Habits,Ed Sheeran,1,2020,9,3,12755,8,81,59,90,5,0,36,3
Thinking Out Loud,Ed Sheeran,1,2014,1,1,33032,0,78,58,45,47,0,18,3
Photograph,Ed Sheeran,1,2014,6,20,18778,3,61,20,38,61,0,10,5
Celestial,Ed Sheeran,1,2022,9,29,1639,0,57,50,85,5,0,16,4
Merry Christmas,"Ed Sheeran, Elton John",2,2017,11,10,2209,0,59,60,94,24,0,10,4
Peru,"Ed Sheeran, Fireboy DML",2,2021,12,23,2999,0,96,71,42,57,0,8,9
Sigue,"Ed Sheeran, J Balvin",2,1996,11,24,1370,0,89,59,64,5,0,19,7
The Joker And The Queen (feat. Taylor Swift),"Ed Sheeran, Taylor Swift",2,2022,2,11,1430,0,53,31,31,92,0,28,3
Love Grows (Where My Rosemary Goes),Edison Lighthouse,1,1970,1,1,2877,0,53,75,69,7,0,17,3
En Paris,"El Chachito, Junior H",2,2022,12,24,406,5,70,77,48,37,0,12,5
Hold Me Closer,"Elton John, Britney Spears",2,2017,11,10,4967,0,67,49,77,11,0,19,11
Numb Little Bug,Em Beihold,1,2022,1,28,2026,0,74,61,52,30,0,26,9
Until I Found You (with Em Beihold) - Em Beihold Version,"Em Beihold, Stephen Sanchez",2,2022,4,22,2790,30,34,32,57,78,0,20,3
Mockingbird,Eminem,1,2004,1,1,12985,61,62,24,67,21,0,13,28
Without Me,Eminem,1,2002,1,1,21081,43,92,67,66,0,0,36,9
The Real Slim Shady,Eminem,1,2000,1,1,20763,27,95,78,66,3,0,4,6
Lose Yourself - Soundtrack Version,Eminem,1,2002,1,1,32502,21,70,6,73,1,0,36,26
Stan,"Eminem, Dido",2,1999,11,21,17115,0,78,53,74,4,0,45,21
Superman,"Eminem, Dina Rae",2,2002,5,26,7615,14,80,64,76,2,0,20,6
Forgot About Dre,"Eminem, Dr. Dre",2,1999,1,1,19067,0,93,61,74,9,0,17,8
Gospel (with Eminem),"Eminem, Dr. Dre",2,2022,2,4,1040,0,92,62,86,11,0,24,24
'Till I Collapse,"Eminem, Nate Dogg",2,2002,5,26,22923,0,55,10,85,7,0,8,20
I AM WOMAN,Emmy Meli,1,2021,11,18,2795,0,65,46,47,12,0,13,16
Bite Me,ENHYPEN,1,2023,5,22,349,69,80,69,78,28,0,11,14
Blessed-Cursed,ENHYPEN,1,2022,1,10,246,0,60,40,89,9,0,60,6
Polaroid Love,ENHYPEN,1,2022,1,10,461,0,74,65,67,46,0,36,4
Ella Baila Sola,"Eslabon Armado, Peso Pluma",2,2023,3,16,3090,50,67,83,76,48,0,8,3
Pepas,Farruko,1,2021,6,24,14114,17,76,44,77,1,0,13,3
CHORRITO PA LAS ANIMAS,Feid,1,2022,12,2,2321,36,74,61,83,11,0,35,6
Normal,Feid,1,2022,7,8,2461,36,71,59,56,4,0,27,12
REMIX EXCLUSIVO,Feid,1,2023,3,17,1235,9,65,71,56,4,0,15,20
Ferxxo 100,Feid,1,2022,6,3,1647,30,70,58,57,25,0,15,7
Prohibidox,Feid,1,2022,9,13,1473,12,65,52,80,5,0,6,25
Lady Mi Amor,Feid,1,2022,9,13,330,0,78,75,62,6,0,15,6
Pantysito,"Feid, Alejo, Robi",3,2022,3,18,2995,0,83,63,74,14,0,16,6
LA INOCENTE,"Feid, Mora",2,2022,4,1,2598,37,76,46,79,31,0,7,6
POLARIS - Remix,"Feid, Mora, Saiko, Quevedo",4,2023,6,8,773,33,62,55,80,15,0,37,7
El Cielo,"Feid, Myke Towers, Sky Rompiendo",3,2023,6,2,1298,38,72,17,64,7,0,10,5
A Veces (feat. Feid),"Feid, Paulo Londra",2,2022,11,3,573,0,80,81,67,4,0,8,6
En La De Ella,"Feid, Sech, Jhayco",3,2022,10,20,1320,0,82,67,77,8,0,12,5
Classy 101,"Feid, Young Miko",2,2023,3,31,2610,40,86,67,66,14,0,12,16
Cupid - Twin Ver.,Fifty Fifty,1,2023,2,24,2942,77,78,76,59,43,0,34,3
Cupid,Fifty Fifty,1,2023,2,24,526,10,77,94,66,65,0,38,3
BABY OTAKU,"Fran C, Polima WestCoast, Nickoog Clk, Pablito Pesadilla",4,2022,8,18,836,0,84,43,75,5,0,6,8
Pink + White,Frank Ocean,1,2016,8,20,21574,30,54,54,55,67,0,42,11
Lost,Frank Ocean,1,2012,1,1,29499,11,91,49,61,3,0,17,22
Jingle Bells - Remastered 1999,Frank Sinatra,1,1957,1,1,4326,0,51,94,34,73,0,10,5
Let It Snow! Let It Snow! Let It Snow!,"Frank Sinatra, B. Swanson Quartet",2,1950,1,1,10585,0,60,86,32,88,0,34,6
Limbo,Freddie Dredd,1,2022,8,11,688,0,80,46,62,3,6,11,46
SABOR FRESA,Fuerza Regida,1,2023,6,22,250,26,79,96,86,9,0,9,9
TQM,Fuerza Regida,1,2023,5,19,584,28,79,96,85,27,0,11,6
Dijeron Que No La Iba Lograr,"Fuerza Regida, Chino Pacas",2,2023,3,14,320,6,70,76,79,26,0,11,7
Bebe Dame,"Fuerza Regida, Grupo Frontera",2,2022,12,16,849,22,54,75,60,30,0,7,5
Ch y la Pizza,"Fuerza Regida, Natanael Cano",2,2022,12,1,536,10,66,85,60,40,0,14,13
Worst Day,Future,1,2022,2,11,910,0,65,60,60,11,0,10,40
PUFFIN ON ZOOTIEZ,Future,1,2022,4,29,2350,0,88,28,66,6,0,13,31
Superhero (Heroes & Villains) [with Future & Chris Brown],"Future, Chris Brown, Metro Boomin",3,2022,12,2,2959,16,72,45,59,14,0,20,21
"All The Way Live (Spider-Man: Across the Spider-Verse) (Metro Boomin & Future, Lil Uzi Vert)","Future, Lil Uzi Vert, Metro Boomin",3,2023,6,2,259,0,77,28,55,18,0,22,15
Too Many Nights (feat. Don Toliver & with Future),"Future, Metro Boomin, Don Toliver",3,2022,12,2,2110,58,68,17,71,15,0,11,5
LADY GAGA,"Gabito Ballesteros, Junior H, Peso Pluma",3,2023,6,22,332,26,65,87,74,22,0,42,4
Mary On A Cross,Ghost,1,2019,9,13,2668,2,47,56,90,0,0,10,4
we fell in love in october,girl in red,1,2018,11,21,6858,0,57,24,37,11,18,16,3
HEARTBREAK ANNIVERSARY,Giveon,1,2020,2,21,5398,4,61,59,46,56,0,13,5
Heat Waves,Glass Animals,1,2020,6,28,22543,63,76,53,53,44,0,9,9
Contection,"GODZZ__-, Zakaria",2,2020,1,16,6955,0,81,83,75,14,0,29,34
Tormenta (feat. Bad Bunny),"Gorillaz, Bad Bunny",2,2023,2,24,1529,0,64,30,77,46,0,38,6
Somebody That I Used To Know,"Gotye, Kimbra",2,2011,1,1,42798,0,86,75,52,54,0,10,4
No Se Va,Grupo Frontera,1,2022,4,28,924,18,59,69,53,12,0,23,3
Di Que Si,"Grupo Marca Registrada, Grupo Frontera",2,2023,2,3,356,10,57,80,59,8,0,6,5
El Rescate,"Grupo Marca Registrada, Junior H",2,2022,7,22,527,4,79,64,59,28,0,11,14
fukumean,Gunna,1,2023,5,15,1096,83,85,22,62,12,0,28,9
25k jacket (feat. Lil Baby),"Gunna, Lil Baby",2,2022,1,7,620,0,90,74,54,16,0,13,28
Sweet Child O' Mine,Guns N' Roses,1,1987,1,1,41231,1,45,67,90,9,11,10,5
Eu Gosto Assim - Ao Vivo,"Gustavo Mioto, Mari Fernandez",2,2022,9,16,1473,4,64,61,91,15,0,72,4
You Make It Feel Like Christmas (feat. Blake Shelton),"Gwen Stefani, Blake Shelton",2,2005,9,20,2577,0,63,93,88,1,0,12,4
With you,"HA SUNG WOON, Jimin",2,2022,4,24,343,2,53,14,43,64,0,13,3
So Good,Halsey,1,2022,6,9,1057,0,63,29,62,4,0,18,4
Boy With Luv (feat. Halsey),"Halsey, BTS",2,2019,4,12,4260,0,65,80,86,9,0,19,10
Lilith (feat. SUGA of BTS) (Diablo IV Anthem),"Halsey, Suga",2,2023,6,5,215,6,43,14,74,1,0,19,8
As It Was,Harry Styles,1,2022,3,31,23575,130,52,66,73,34,0,31,6
Watermelon Sugar,Harry Styles,1,2019,11,17,21915,34,55,56,82,12,0,34,5
Late Night Talking,Harry Styles,1,2022,5,20,7461,8,71,90,73,30,0,11,5
Adore You,Harry Styles,1,2019,12,6,13454,1,68,57,77,2,0,10,5
Falling,Harry Styles,1,2019,12,13,7556,0,57,6,27,84,0,9,3
Golden,Harry Styles,1,2019,12,13,8429,1,45,25,84,21,0,13,6
Music For a Sushi Restaurant,Harry Styles,1,2022,5,20,4449,1,72,36,72,26,6,11,4
Matilda,Harry Styles,1,2022,5,20,3218,3,51,39,29,90,0,10,4
Daylight,Harry Styles,1,2022,5,20,2775,0,69,63,45,48,0,18,4
Little Freak,Harry Styles,1,2022,5,20,2302,0,56,40,54,72,0,10,4
Satellite,Harry Styles,1,2022,5,20,3291,5,58,30,46,14,0,9,3
Love Of My Life,Harry Styles,1,2022,5,20,1933,0,56,20,54,67,0,6,5
Grapejuice,Harry Styles,1,2022,5,20,1986,0,65,88,72,36,14,20,3
Keep Driving,Harry Styles,1,2022,5,20,2094,1,72,90,48,32,0,18,23
Cinema,Harry Styles,1,2022,5,20,2171,0,83,90,64,35,5,9,4
Daydreaming,Harry Styles,1,2022,5,20,1900,1,71,90,81,31,2,13,3
Boyfriends,Harry Styles,1,2022,5,20,1517,0,42,32,20,94,0,11,4
Shut up My Moms Calling,Hotel Ugly,1,2020,2,10,1788,14,48,37,41,32,0,10,10
Shut up My Moms Calling - (Sped Up),Hotel Ugly,1,2022,9,14,713,7,65,36,47,31,0,12,10
Take Me To Church,Hozier,1,2013,9,13,23804,31,57,41,66,63,0,12,5
Bones,Imagine Dragons,1,2021,3,11,4198,44,77,65,72,2,0,7,5
Believer,Imagine Dragons,1,2017,1,31,18986,23,77,74,78,4,0,23,11
Demons,Imagine Dragons,1,2012,1,1,26694,13,33,38,71,20,0,28,5
Enemy - from the series Arcane League of Legends,"Imagine Dragons, League of Legends, Arcane",3,2021,10,27,824,0,73,54,74,23,0,41,23
Enemy (with JID) - from the series Arcane League of Legends,"Imagine Dragons, League of Legends, JID, Arcane",4,2021,9,3,6180,7,72,59,76,24,0,42,28
Excuses,"Intense, AP Dhillon, Gurinder Gill",3,2020,7,24,272,4,84,49,72,8,0,15,8
B.O.T.A. (Baddest Of Them All) - Edit,"Interplanetary Criminal, Eliza Rose",2,2022,6,15,5153,6,74,71,89,24,61,15,5
METAMORPHOSIS,INTERWORLD,1,2021,11,25,1561,24,59,15,64,43,90,12,10
Bombonzinho - Ao Vivo,"Israel & Rodolffo, Ana Castela",2,2022,11,3,1254,6,65,72,95,31,0,92,5
Seu Brilho Sumiu - Ao Vivo,"Israel & Rodolffo, Mari Fernandez",2,2023,3,1,967,5,63,75,92,31,0,91,5
People Pt.2 (feat. IU),"IU, Agust D",2,2023,4,7,209,4,73,44,57,39,0,32,6
I AM,IVE,1,2023,4,10,366,15,68,38,88,1,0,8,5
ELEVEN,IVE,1,2021,12,1,521,1,83,59,73,6,0,5,11
LOVE DIVE,IVE,1,2022,4,5,753,8,70,54,71,0,0,33,4
After LIKE,IVE,1,2022,8,22,767,12,68,80,92,10,0,9,12
AM Remix,"J Balvin, Nio Garcia, Bad Bunny",3,2021,6,24,6556,0,74,79,66,11,0,8,16
No Role Modelz,J. Cole,1,2014,12,9,21164,36,70,47,52,30,0,6,33
All My Life (feat. J. Cole),"J. Cole, Lil Durk",2,2023,5,12,2175,23,83,69,44,15,0,10,33
Peaches (from The Super Mario Bros. Movie),Jack Black,1,2023,4,7,34,0,71,41,31,79,0,10,5
Nail Tech,Jack Harlow,1,2022,2,18,2939,0,65,11,58,0,0,12,9
First Class,Jack Harlow,1,2022,4,8,8737,0,91,32,56,3,0,11,10
Dua Lipa,Jack Harlow,1,2022,5,6,1992,0,83,41,65,0,10,11,8
INDUSTRY BABY (feat. Jack Harlow),"Jack Harlow, Lil Nas X",2,2021,7,23,13315,0,74,89,70,2,0,5,6
Makeba,Jain,1,2015,6,22,6060,53,82,40,66,39,51,25,7
Car's Outside,James Arthur,1,2019,10,18,794,10,34,24,56,4,0,11,3
Say You Won't Let Go,James Arthur,1,2016,9,9,15722,16,40,45,56,69,0,9,5
Hummingbird (Metro Boomin & James Blake),"James Blake, Metro Boomin",2,2023,6,2,277,1,59,26,60,46,1,25,13
Ferrari,"James Hype, Miggy Dela Rosa",2,2022,3,14,7758,28,84,70,69,1,0,5,5
Acapulco,Jason Derulo,1,2021,9,1,3098,0,77,51,79,5,0,16,5
Infinity,Jaymes Young,1,2017,6,23,4375,0,67,50,67,15,0,30,4
ZOOM,Jessi,1,2022,4,13,608,0,87,46,60,1,0,13,16
Surface Pressure,Jessica Darrow,1,2021,11,19,1756,0,65,37,58,2,0,4,31
MORE,j-hope,1,2022,7,1,565,0,78,31,72,1,0,11,4
on the street (with J. Cole),"j-hope, J. Cole",2,2023,3,3,615,2,68,81,82,53,0,9,13
Like Crazy,Jimin,1,2023,3,24,596,68,63,36,73,0,0,36,4
Set Me Free Pt.2,Jimin,1,2023,3,17,340,13,59,56,82,12,0,12,6
Like Crazy (English Version),Jimin,1,2023,3,24,373,19,62,32,76,0,0,39,4
The Astronaut,Jin,1,2022,10,28,481,9,54,22,76,0,0,14,3
FLOWER,JISOO,1,2023,3,31,839,18,84,64,39,3,0,11,4
TO THE MOON,Jnr Choi,1,2021,11,5,2979,0,74,39,65,5,1,11,35
All of Me,John Legend,1,2013,8,1,27221,0,42,33,26,92,0,13,3
On Time (with John Legend),"John Legend, Metro Boomin",2,2022,12,2,398,0,33,51,59,76,0,44,6
Happy Xmas (War Is Over),"John Lennon, The Harlem Community Choir, The Plastic Ono Band, Yoko Ono",4,1971,12,1,10829,0,33,39,61,32,0,77,3
Glimpse of Us,Joji,1,2022,6,10,6330,6,44,27,32,89,0,14,5
Die For You,Joji,1,2022,11,4,1703,0,47,15,52,38,13,29,5
SLOW DANCING IN THE DARK,Joji,1,2018,9,12,10211,0,52,28,48,54,1,19,347aidan
traitor,"Juan Cruz Toledo, Huilen Toledo",2,2021,5,21,5257,6,29,12,33,68,0,12,5
Lucid Dreams,Juice WRLD,1,2017,6,15,14749,0,44,22,48,38,0,33,24
Cigarettes,Juice WRLD,1,2021,12,10,975,0,60,47,62,3,0,38,4
Lo Siento BB:/ (with Bad Bunny & Julieta Venegas),"Julieta Venegas, Bad Bunny, Tainy",3,2021,10,5,3423,26,64,14,70,9,0,9,8
Still With You,Jung Kook,1,2020,6,5,31,39,53,34,47,9,0,83,4
Stay Alive (Prod. SUGA of BTS),Jung Kook,1,2022,2,11,590,5,51,50,76,30,0,10,7
El Azul,"Junior H, Peso Pluma",2,2023,2,10,692,25,56,84,65,23,0,10,6
LUNA,"Junior H, Peso Pluma",2,2023,6,22,201,11,75,79,63,33,0,15,4
Ghost,Justin Bieber,1,2021,3,19,5866,24,61,41,74,21,0,40,6
Mistletoe,Justin Bieber,1,2011,1,1,9577,0,67,88,54,51,0,9,4
Love Yourself,Justin Bieber,1,2015,11,9,22730,5,61,53,38,84,0,28,44
Peaches (feat. Daniel Caesar & Giveon),"Justin Bieber, Daniel Caesar, Giveon",3,2021,3,19,14140,0,63,49,68,38,0,42,18
Honest (feat. Don Toliver),"Justin Bieber, Don Toliver",2,2022,4,29,1351,0,82,82,66,13,0,11,6
STAY (with Justin Bieber),"Justin Bieber, The Kid Laroi",2,2021,7,9,17050,36,59,48,76,4,0,10,5
golden hour,JVKE,1,2022,7,15,4511,36,51,14,59,65,18,25,3
this is what falling in love feels like,JVKE,1,2021,9,3,2005,0,42,33,44,62,0,8,6
Kahani Suno 2.0,Kaifi Khalil,1,2022,5,31,162,6,58,26,38,91,0,10,4
Moonlight,Kali Uchis,1,2023,2,24,2649,42,64,88,72,51,0,17,5
Sad Girlz Luv Money Remix (feat. Kali Uchis),"Kali Uchis, Amaarae, Moliy",3,2021,9,16,3643,0,86,31,53,43,0,11,6
Area Codes,"Kaliii, Kaliii",2,2023,3,17,1197,13,82,51,39,2,0,9,49
Stefania (Kalush Orchestra),KALUSH,1,2022,3,10,555,0,83,32,82,14,0,12,4
I Know - PR1SVX Edit,"Kanii, PR1ISVX",2,2023,3,24,407,0,67,11,76,8,47,30,7
Praise God,Kanye West,1,2021,8,29,4651,0,80,21,55,1,0,26,17
Heartless,Kanye West,1,2008,1,1,17504,34,79,66,65,5,0,25,14
Bound 2,Kanye West,1,2013,1,1,19806,7,37,28,66,14,0,9,5
City of Gods,"Kanye West, Alicia Keys, Fivio Foreign",3,2022,2,11,2096,0,47,50,80,10,0,32,38
Hot Shit (feat. Ye & Lil Durk),"Kanye West, Lil Durk, Cardi B",3,2022,7,1,1601,0,88,52,69,0,0,8,23
True Love,"Kanye West, XXXTENTACION",2,2022,5,27,2129,0,71,39,86,2,0,51,25
AMARGURA,Karol G,1,2023,2,24,1133,39,92,55,70,18,0,15,7
S91,Karol G,1,2023,7,14,525,41,86,42,72,59,0,9,19
MIENTRAS ME CURO DEL CORA,Karol G,1,2023,2,24,1020,35,52,57,48,86,0,15,39
PROVENZA,Karol G,1,2022,4,21,6587,34,87,53,52,66,1,11,5
MAMIII,"Karol G, Becky G",2,2022,2,10,6809,28,84,90,70,9,0,14,8
CAIRO,"Karol G, Ovy On The Drums",2,2022,11,13,2418,26,95,43,69,47,0,9,31
X SI VOLVEMOS,"Karol G, Romeo Santos",2,2023,2,2,2127,33,79,58,78,34,0,11,25
TQG,"Karol G, Shakira",2,2023,2,23,4284,49,72,61,63,67,0,9,28
Running Up That Hill (A Deal With God),Kate Bush,1,1985,9,16,21811,0,63,20,55,72,0,6,6
Somewhere Only We Know,Keane,1,2004,1,1,20015,16,45,33,59,6,0,8,3
Tak Ingin Usai,Keisya Levronka,1,2022,5,13,220,4,49,14,40,82,0,11,3
Underneath the Tree,Kelly Clarkson,1,2013,10,25,6596,0,51,69,81,0,0,21,5
HUMBLE.,Kendrick Lamar,1,2017,3,30,33206,1,91,42,60,0,0,9,12
N95,Kendrick Lamar,1,2022,5,13,5542,0,81,39,66,38,0,12,14
United In Grief,Kendrick Lamar,1,2022,5,13,2575,0,52,32,83,24,0,17,43
Rich Spirit,Kendrick Lamar,1,2022,5,13,3486,0,85,41,43,39,0,12,21
Count Me Out,Kendrick Lamar,1,2022,5,13,2729,0,78,51,43,69,0,14,9
Worldwide Steppers,Kendrick Lamar,1,2022,5,13,1480,0,56,56,47,76,0,8,36
Rich - Interlude,Kendrick Lamar,1,2022,5,13,1103,0,44,74,42,88,0,9,9
Crown,Kendrick Lamar,1,2022,5,13,1493,0,37,14,24,80,0,11,4
Auntie Diaries,Kendrick Lamar,1,2022,5,13,1545,0,43,60,38,76,1,48,38
Mirror,Kendrick Lamar,1,2022,5,13,1929,0,66,29,65,23,0,8,7
Savior - Interlude,Kendrick Lamar,1,2022,5,13,1194,0,66,83,43,84,0,19,19
The Heart Part 5,Kendrick Lamar,1,2022,5,8,2939,0,76,79,81,18,0,6,34
family ties (with Kendrick Lamar),"Kendrick Lamar, Baby Keem",2,2021,8,27,6308,5,71,14,61,1,0,23,33
Mother I Sober (feat. Beth Gibbons of Portishead),"Kendrick Lamar, Beth Gibbons",2,2022,5,13,1890,0,49,50,37,87,0,11,35
Die Hard,"Kendrick Lamar, Blxst, Amanda Reifer",3,2022,5,13,4627,0,78,40,74,36,0,17,27
Purple Hearts,"Kendrick Lamar, Ghostface Killah, Summer Walker",3,2022,5,13,2308,0,57,71,82,19,0,15,29
Money Trees,"Kendrick Lamar, Jay Rock",2,2012,1,1,26792,32,74,37,53,7,0,21,10
Silent Hill,"Kendrick Lamar, Kodak Black",2,2022,5,13,3028,0,92,78,57,46,0,14,9
Savior,"Kendrick Lamar, Sam Dew, Baby Keem",3,2022,5,13,2291,0,61,66,71,53,0,32,46
Father Time (feat. Sampha),"Kendrick Lamar, Sampha",2,2022,5,13,3107,0,55,50,78,19,0,11,35
Mr. Morale,"Kendrick Lamar, Tanna Leone",2,2022,5,13,1860,0,73,26,54,30,0,34,32
We Cry Together,"Kendrick Lamar, Taylour Paige",2,2022,5,13,1635,0,65,52,69,31,0,8,36
Malas Decisiones,Kenia OS,1,2022,10,26,542,2,81,64,79,5,0,31,3
KICK BACK,Kenshi Yonezu,1,2022,10,12,574,4,58,29,94,0,0,9,11
Thinking with My Dick,"Kevin Gates, Juicy J",2,2013,7,16,1550,0,77,68,70,6,0,17,20
San Lucas,Kevin Kaarl,1,2019,11,7,407,1,58,27,36,86,0,9,3
Maan Meri Jaan,King,1,2022,10,12,288,6,70,40,51,35,0,10,4
Super Gremlin,Kodak Black,1,2021,10,30,2551,0,83,11,41,0,0,36,14
"Angel Pt 1 (feat. Jimin of BTS, JVKE & Muni Long)","Kodak Black, NLE Choppa, Muni Long, JVKE, Jimin",5,2023,5,1,577,14,53,24,67,11,0,10,28
Murder In My Mind,Kordhell,1,2022,1,21,2459,20,71,57,97,1,0,13,11
Ai Preto,"L7nnon, DJ Biel do Furduncinho, Bianca",3,2022,6,3,894,4,95,83,57,54,0,10,25
Never Felt So Alone,Labrinth,1,2023,4,7,1730,3,44,36,41,50,0,38,5
Formula,Labrinth,1,2019,10,4,3444,7,57,23,66,4,6,15,4
Mount Everest,Labrinth,1,2019,6,21,5443,0,46,43,43,23,8,8,22
Still Don't Know My Name,Labrinth,1,2019,10,4,6332,0,31,31,63,47,27,21,12
When I R.I.P.,Labrinth,1,2019,10,4,2578,0,39,45,55,73,0,9,21
Forever,Labrinth,1,2019,10,4,3618,0,56,19,46,92,72,11,3
"I'm Tired - From ""Euphoria"" An Original HBO Series",Labrinth,1,2022,2,4,1888,0,28,26,20,19,0,30,3
All For Us - from the HBO Original Series Euphoria,"Labrinth, Zendaya",2,2019,8,4,5342,0,37,17,67,2,0,34,9
Bloody Mary,Lady Gaga,1,2011,1,1,3909,0,59,49,65,2,0,13,3
Hold My Hand,Lady Gaga,1,2022,5,3,2528,0,51,21,63,5,0,41,3
Shallow,"Lady Gaga, Bradley Cooper",2,2018,9,27,16636,12,57,30,40,38,0,26,3
Say Yes To Heaven,Lana Del Rey,1,2023,3,17,2000,46,49,17,35,71,9,11,3
Summertime Sadness,Lana Del Rey,1,2011,1,1,20333,52,56,24,66,7,0,12,3
Radio,Lana Del Rey,1,2011,1,1,9389,46,42,20,86,21,0,9,9
Snow On The Beach (feat. More Lana Del Rey),"Lana Del Rey, Taylor Swift",2,2023,5,26,359,2,66,32,40,81,0,11,3
Ojos Marrones,Lasso,1,2022,2,6,795,11,81,72,65,4,0,14,4
Seven (feat. Latto) (Explicit Ver.),"Latto, Jung Kook",2,2023,7,14,553,147,80,89,83,31,0,8,4
Flowers,Lauren Spencer Smith,1,2021,8,9,801,0,70,31,44,84,0,9,39
Fingers Crossed,"Lauren Spencer Smith, Lauren Spencer Smith, Lauren Spencer Smith",3,2022,1,5,2235,0,60,45,47,62,0,31,5
ANTIFRAGILE,LE SSERAFIM,1,2022,10,17,761,12,88,82,80,8,0,11,8
FEARLESS,LE SSERAFIM,1,2022,5,2,629,0,86,43,62,5,0,13,14
10 Things I Hate About You,Leah Kate,1,2022,3,23,1301,0,54,45,79,1,0,17,5
Zona De Perigo,Leo Santana,1,2022,12,8,531,4,81,97,77,75,0,35,3
Someone You Loved,Lewis Capaldi,1,2018,11,8,17836,53,50,45,41,75,0,11,3
Before You Go,Lewis Capaldi,1,2019,11,1,8327,24,45,19,60,63,0,9,6
Forget Me,Lewis Capaldi,1,2022,9,9,2520,4,67,72,74,30,0,36,4
Afraid To Feel,LF System,1,2022,5,2,5898,5,58,68,91,2,0,27,11
People,Libianca,1,2022,12,2,3506,56,59,71,42,55,0,10,7
Right On,Lil Baby,1,2022,4,8,1116,0,70,22,61,2,0,10,34
California Breeze,Lil Baby,1,2022,10,14,991,0,74,22,67,0,0,11,46
Stand By Me (feat. Morgan Wallen),"Lil Durk, Morgan Wallen",2,2023,5,26,381,5,76,61,58,6,0,16,3
STAR WALKIN' (League of Legends Worlds Anthem),Lil Nas X,1,2022,9,22,2616,0,64,31,72,15,0,9,5
MONTERO (Call Me By Your Name),Lil Nas X,1,2020,9,18,12329,0,61,76,51,30,0,38,15
THATS WHAT I WANT,Lil Nas X,1,2021,9,17,7963,0,74,55,85,1,0,5,22
In My Head,Lil Tjay,1,2022,4,1,1185,0,68,41,55,16,0,10,12
Just Wanna Rock,Lil Uzi Vert,1,2022,10,17,3995,13,49,4,55,7,0,6,3
Poland,Lil Yachty,1,2022,6,23,1584,0,70,26,56,14,83,11,5
Numb,Linkin Park,1,2003,3,24,20111,5,50,24,86,0,0,64,4
In The End,Linkin Park,1,2000,10,24,25065,6,55,40,90,1,0,32,6
MONEY,Lisa,1,2021,9,10,2566,13,83,40,55,16,0,14,23
Entre Nosotros (Remix) [con Nicki Nicole],"Lit Killah, Maria Becerra, Tiago pzk, NICKI NICOLE",4,2022,1,5,759,3,70,61,44,40,0,37,4
About Damn Time,Lizzo,1,2022,7,15,2332,2,84,72,74,10,0,34,7
About Damn Time,Lizzo,1,2022,4,14,9021,0,84,72,74,10,0,34,7
2 Be Loved (Am I Ready),Lizzo,1,2022,7,14,3682,6,72,92,77,9,0,8,11
ceilings,Lizzy McAlpine,1,2022,4,8,3242,9,51,27,33,48,0,22,3
The Night We Met,Lord Huron,1,2015,2,2,18515,35,45,10,37,97,25,64,4
Tattoo,Loreen,1,2023,2,25,2988,59,55,30,78,24,0,12,8
Where Are You Now,"Lost Frequencies, Calum Scott",2,2021,7,30,10565,44,67,26,64,52,0,17,10
Caile,Luar La L,1,2020,12,18,1494,2,70,46,76,30,0,9,45
Beautiful Girl,Luciano,1,2022,4,22,710,4,84,61,42,31,0,9,9
Con La Brisa,"Ludwig Goransson, Foudeqush",2,2022,11,4,486,0,62,25,44,51,33,14,3
JGL,"Luis R Conriquez, La Adictiva",2,2022,2,18,782,9,70,97,59,55,0,27,12
Fast Car,Luke Combs,1,2023,3,24,1446,12,71,67,60,19,0,12,3
Down Under (feat. Colin Hay),"Luude, Colin Hay",2,2021,11,19,3541,2,31,4,86,1,0,28,17
Antidepresan,"Mabel Matiz, Mert Demir",2,2022,11,4,313,2,70,92,59,3,0,10,3
Heart To Heart,Mac DeMarco,1,2019,5,10,1640,0,90,64,14,67,35,11,10
If We Ever Broke Up,Mae Stephens,1,2023,2,10,2040,4,90,96,73,62,0,9,4
Sial,Mahalini,1,2023,1,23,134,4,56,20,43,89,0,12,4
Brividi,"Mahmood, Blanco",2,2022,2,2,1175,0,52,44,60,40,0,26,3
212,"Mainstreet, Chefin",2,2022,1,15,352,0,79,86,52,66,0,9,7
Sobrio,Maluma,1,2021,7,8,3506,10,76,63,77,14,0,15,22
Mejor Que Yo,"Mambo Kingz, DJ Luian, Anuel Aa",3,2023,5,4,675,1,62,56,66,18,0,12,5
Mas Rica Que Ayer,"Mambo Kingz, DJ Luian, Anuel Aa",3,2023,3,2,1208,34,82,53,67,34,0,9,8
La Bachata,Manuel Turizo,1,2022,5,26,6804,45,84,85,68,58,0,22,4
All I Want for Christmas Is You,Mariah Carey,1,1994,10,28,25653,0,34,33,63,16,0,7,4
Memories,Maroon 5,1,2019,9,20,9974,2,77,60,32,84,0,8,5
Payphone,"Maroon 5, Wiz Khalifa",2,2012,1,1,14143,4,74,51,74,2,0,29,4
Leave Before You Love Me (with Jonas Brothers),"Marshmello, Jonas Brothers",2,2021,4,28,4893,4,72,67,72,0,0,13,4
Bye Bye,"Marshmello, Juice WRLD",2,2022,10,14,766,0,65,24,53,6,0,51,4
Numb,"Marshmello, Khalid",2,2022,6,10,3879,2,91,63,77,12,1,10,5
El Merengue,"Marshmello, Manuel Turizo",2,2023,3,3,2114,44,78,70,68,3,1,11,4
Astronaut In The Ocean,Masked Wolf,1,2019,1,1,7191,0,78,47,70,18,0,15,9
"Gol Bolinha, Gol Quadrado 2","Mc Pedrinho, DJ 900",2,2023,6,1,293,8,93,68,65,42,0,12,25
Casei Com a Putaria,"MC Ryan SP, Love Funk, Mc Paiva ZS",3,2022,7,1,648,4,59,62,60,12,0,5,44
Baile no Morro,"Mc Vitin Da Igrejinha, MC Tairon, DJ Win",3,2022,6,10,685,2,71,78,40,46,0,7,45
Made You Look,Meghan Trainor,1,2022,10,21,3956,6,84,88,53,35,0,8,7
VOID,Melanie Martinez,1,2023,3,29,596,0,72,42,66,18,4,19,4
Pipoco,"Melody, Ana Castela, Dj Chris No Beat",3,2022,5,20,1112,4,77,74,74,47,0,34,8
Master of Puppets (Remastered),Metallica,1,1986,3,3,6080,0,54,59,83,0,44,20,4
Self Love (Spider-Man: Across the Spider-Verse) (Metro Boomin & Coi Leray),"Metro Boomin, Coi Leray",2,2023,6,2,332,5,78,5,30,21,0,13,5
MERCHO,"Migrantes, LiL CaKe, Nico Valdi",3,2022,12,16,1267,20,84,96,79,43,0,18,11
Sure Thing,Miguel,1,2010,5,25,13801,19,68,51,60,3,0,19,10
Flowers,Miley Cyrus,1,2023,1,12,12211,115,71,65,68,6,0,3,7
Angels Like You,Miley Cyrus,1,2020,11,27,3372,19,67,49,64,10,0,10,3
Where Did You Go?,"MNEK, Jax Jones",2,2022,1,26,4531,0,77,53,78,19,0,29,4
Last Night,Morgan Wallen,1,2023,1,31,2420,19,52,52,68,46,0,15,4
You Proof,Morgan Wallen,1,2022,5,13,2128,9,73,64,85,25,0,61,3
One Thing At A Time,Morgan Wallen,1,2022,12,2,811,4,61,92,91,0,0,26,3
Everything I Love,Morgan Wallen,1,2023,1,31,579,0,56,72,85,0,0,15,3
I Wrote The Book,Morgan Wallen,1,2023,1,31,430,0,68,83,81,9,0,8,4
Thought You Should Know,Morgan Wallen,1,2022,5,6,968,4,53,51,70,49,0,14,3
Born With A Beer In My Hand,Morgan Wallen,1,2023,3,3,203,0,53,61,81,5,0,36,4
Man Made A Bar (feat. Eric Church),"Morgan Wallen, Eric Church",2,2023,3,3,329,0,50,49,76,12,0,12,3
After Dark,Mr.Kitty,1,2014,8,8,1776,14,58,4,60,7,41,8,3
Hrs and Hrs,Muni Long,1,2021,11,19,1800,0,51,66,53,60,0,11,18
Pass The Dutchie,Musical Youth,1,1982,1,1,5328,0,73,88,67,20,0,32,5
LALA,Myke Towers,1,2023,3,23,1474,48,71,61,74,7,0,10,4
The Christmas Song (Merry Christmas To You) - Remastered 1999,Nat King Cole,1,1946,11,1,11500,0,36,22,15,84,0,11,4
Deck The Hall - Remastered 1999,Nat King Cole,1,1959,1,1,3299,0,69,96,36,81,0,8,4
Mi Bello Angel,Natanael Cano,1,2023,6,30,86,8,81,90,77,1,0,9,5
AMG,"Natanael Cano, Gabito Ballesteros, Peso Pluma",3,2022,11,24,995,19,77,79,73,15,0,27,10
PRC,"Natanael Cano, Peso Pluma",2,2023,1,23,961,26,78,89,83,10,0,12,5
POP!,Nayeon,1,2022,6,24,571,0,80,36,86,4,0,3,5
Better Days (NEIKED x Mae Muller x Polo G),"NEIKED, Mae Muller, Polo G",3,2021,9,24,4091,0,72,67,68,0,0,14,4
Gato de Noche,"Nengo Flow, Bad Bunny",2,2022,12,22,2651,30,89,61,66,17,0,36,16
die first,Nessa Barrett,1,2022,6,24,767,0,44,44,67,7,0,12,13
Those Eyes,New West,1,2019,5,10,1507,14,60,24,35,73,0,31,3
Super Shy,NewJeans,1,2023,7,7,422,55,78,52,82,18,0,15,7
New Jeans,NewJeans,1,2023,7,7,77,35,81,53,72,51,0,12,5
OMG,NewJeans,1,2023,1,2,1783,27,80,74,77,36,0,11,4
Ditto,NewJeans,1,2022,12,19,1154,22,81,18,64,3,0,10,11
Hype Boy,NewJeans,1,2022,8,1,892,17,59,78,94,27,0,29,23
Attention,NewJeans,1,2022,8,1,799,12,81,70,65,24,0,8,4
HAPPY,NF,1,2023,3,25,660,0,73,22,86,31,0,12,4
Heaven,Niall Horan,1,2023,2,17,1553,2,57,68,76,7,0,33,3
Red Ruby Da Sleeze,Nicki Minaj,1,2023,3,3,1168,0,70,29,73,12,0,11,26
Super Freaky Girl,Nicki Minaj,1,2022,8,12,4827,0,95,91,89,6,0,31,24
Barbie World (with Aqua) [From Barbie The Album],"Nicki Minaj, Aqua, Ice Spice",3,2023,6,23,1117,80,77,75,58,52,0,23,25
Princess Diana (with Nicki Minaj),"Nicki Minaj, Ice Spice",2,2023,4,14,1444,4,90,74,68,14,0,10,19
Bussin,"Nicki Minaj, Lil Baby",2,2022,2,11,847,0,89,75,70,6,0,13,5
Do We Have A Problem?,"Nicki Minaj, Lil Baby",2,2022,2,4,1064,0,84,54,51,47,0,12,40
69,"Nicky Jam, Feid",2,2023,5,18,1134,22,79,58,62,11,0,11,23
Sunroof,"Nicky Youre, Dazy",2,2021,12,3,3741,17,77,84,71,35,0,15,4
Every Summertime,NIKI,1,2021,8,10,1211,2,63,76,67,38,0,6,4
UNFORGIVEN (feat. Nile Rodgers),"Nile Rodgers, LE SSERAFIM",2,2023,5,1,327,13,80,38,88,11,0,11,5
Smells Like Teen Spirit - Remastered 2021,Nirvana,1,1991,9,10,49991,9,52,73,91,0,0,11,7
Something In The Way - Remastered 2021,Nirvana,1,1991,9,24,9514,0,44,8,20,74,42,11,3
Slut Me Out,NLE Choppa,1,2022,4,22,816,4,94,71,61,12,0,53,42
O.O,NMIXX,1,2022,2,22,290,0,39,28,77,4,0,6,29
Danger (Spider) (Offset & JID),"Offset, JID",2,2023,6,2,214,0,83,25,69,4,0,23,12
The Family Madrigal,"Olga Merediz, Stephanie Beatriz, Encanto - Cast",3,2021,11,19,1150,0,59,56,63,12,0,6,36
Life Goes On,Oliver Tree,1,2020,7,17,2868,0,70,57,49,19,0,12,8
vampire,Olivia Rodrigo,1,2023,6,30,1397,113,51,32,53,17,0,31,6
good 4 u,Olivia Rodrigo,1,2021,5,14,15563,6,56,68,66,28,0,11,18
drivers license,Olivia Rodrigo,1,2021,1,8,12685,3,59,21,43,76,0,10,7
deja vu,Olivia Rodrigo,1,2021,4,1,7545,4,44,22,60,61,0,42,9
happier,Olivia Rodrigo,1,2021,5,21,3069,4,39,36,45,81,0,8,13
favorite crime,Olivia Rodrigo,1,2021,5,21,3681,0,40,19,29,86,0,34,4
"jealousy, jealousy",Olivia Rodrigo,1,2021,5,21,3257,0,70,71,58,24,0,7,13
Night Changes,One Direction,1,2014,11,17,7124,18,67,40,52,86,0,12,4
I Ain't Worried,OneRepublic,1,2022,5,13,8431,76,71,82,81,11,0,6,5
Counting Stars,OneRepublic,1,2013,1,1,29215,43,66,48,71,6,0,12,4
Fin de Semana,"Oscar Maydon, Junior H",2,2023,1,13,592,14,70,37,54,6,0,9,8
KU LO SA - A COLORS SHOW,Oxlade,1,2022,6,10,2019,8,65,79,66,31,0,22,7
Hey Mor,"Ozuna, Feid",2,2022,10,6,4637,38,90,40,59,0,0,10,29
Nos Comemos (feat. Ozuna),"Ozuna, Tiago pzk",2,2022,6,2,896,0,83,56,82,10,0,9,5
TRUSTFALL,P!nk,1,2023,1,27,2098,16,64,25,89,0,0,15,9
Only Love Can Hurt Like This,Paloma Faith,1,2014,1,1,5148,0,57,30,89,10,0,33,8
House Of Memories,Panic! At The Disco,1,2016,1,15,2948,0,51,48,82,0,0,5,3
Wonderful Christmastime - Edited Version / Remastered 2011,Paul McCartney,1,1979,11,16,1685,0,75,74,58,36,0,9,3
Plan A,Paulo Londra,1,2022,3,23,1105,0,58,56,83,5,0,7,4
Chance,Paulo Londra,1,2022,4,6,225,0,72,22,46,24,0,9,6
(It Goes Like) Nanana - Edit,Peggy Gou,1,2023,6,15,2259,59,67,96,88,12,19,8,4
It's Beginning to Look a Lot Like Christmas (with Mitchell Ayres & His Orchestra),"Perry Como, The Fontane Sisters, Mitchell Ayres & His Orchestra",3,1958,1,1,6290,0,73,72,32,77,0,15,5
Por las Noches,Peso Pluma,1,2021,6,11,457,24,81,39,60,31,0,7,3
Bye,Peso Pluma,1,2023,5,26,324,14,78,70,81,57,0,10,5
TULUM,"Peso Pluma, Grupo Frontera",2,2023,6,28,266,34,56,63,87,39,0,11,5
Siempre Pendientes,"Peso Pluma, Luis R Conriquez",2,2022,8,15,685,5,77,71,75,33,1,13,4
La Bebe - Remix,"Peso Pluma, Yng Lvcas",2,2023,3,17,2953,44,81,56,48,21,0,8,33
Get Lucky - Radio Edit,"Pharrell Williams, Nile Rodgers, Daft Punk",3,2013,1,1,52898,0,79,87,81,4,0,10,4
Cash In Cash Out,"Pharrell Williams, Tyler, The Creator, 21 Savage",4,2022,6,10,2313,0,88,15,56,1,0,8,6
Boy's a liar,PinkPantheress,1,2022,11,30,1225,0,66,74,84,25,0,21,4
Boy's a liar Pt. 2,"PinkPantheress, Ice Spice",2,2023,2,3,5184,41,70,86,81,25,0,25,5
Es un Secreto,Plan B,1,2010,7,20,492,36,84,52,77,12,0,7,4
Sky,Playboi Carti,1,2020,12,25,3297,3,79,56,91,26,0,13,21
Selfish,PnB Rock,1,2016,6,23,2468,0,64,4,60,11,0,19,4
ULTRA SOLO,"Polima WestCoast, Pailita",2,2022,2,14,1367,0,80,26,85,23,0,11,21
RAPSTAR,Polo G,1,2021,4,9,4731,0,79,44,54,41,0,13,24
Overdrive,Post Malone,1,2023,7,14,410,36,56,48,73,0,0,35,4
Chemical,Post Malone,1,2023,4,14,2528,39,50,37,90,0,0,12,5
Circles,Post Malone,1,2019,8,30,19664,16,70,59,75,24,0,9,4
I Like You (A Happier Song) (with Doja Cat),"Post Malone, Doja Cat",2,2022,6,3,5281,14,74,43,69,12,0,12,7
Cooped Up (with Roddy Ricch),"Post Malone, Roddy Ricch",2,2022,5,12,2942,0,50,39,78,4,0,11,33
Sunflower - Spider-Man: Into the Spider-Verse,"Post Malone, Swae Lee",2,2018,10,9,24094,78,76,91,50,54,0,7,5
Thunder,"Prezioso, Gabry Ponte, LUM!X",3,2021,5,7,4846,10,67,40,90,3,0,34,6
"Kesariya (From ""Brahmastra"")","Pritam, Arijit Singh, Amitabh Bhattacharya",3,2022,7,17,292,6,58,44,57,57,0,10,3
That That (prod. & feat. SUGA of BTS),"PSY, Suga",2,2022,4,29,802,0,91,91,96,3,0,3,9
Bohemian Rhapsody - Remastered 2011,Queen,1,1975,10,31,40112,3,41,23,40,27,0,30,5
Columbia,Quevedo,1,2023,7,7,714,43,67,26,71,37,0,11,4
Punto G,Quevedo,1,2022,11,4,1985,35,75,55,76,25,0,10,15
WANDA,Quevedo,1,2023,1,20,888,22,72,96,63,25,0,21,7
Vista Al Mar,Quevedo,1,2022,9,8,1769,34,76,49,56,80,12,10,13
Mami Chula,"Quevedo, Jhayco",2,2023,4,27,875,4,80,33,70,22,0,9,4
Creep,Radiohead,1,1992,9,21,36724,7,53,12,34,1,0,12,4
Komang,Raim Laode,1,2022,8,16,158,4,70,35,41,41,0,10,3
Todo De Ti,Rauw Alejandro,1,2020,11,2,11975,8,81,57,63,40,1,10,4
BABY HELLO,"Rauw Alejandro, Bizarrap",2,2023,6,23,1004,35,77,84,89,17,0,43,5
"Rauw Alejandro: Bzrp Music Sessions, Vol. 56","Rauw Alejandro, Bizarrap",2,2023,6,21,871,32,78,59,65,10,0,26,5
Can't Hold Us (feat. Ray Dalton),"Ray Dalton, Ryan Lewis, Macklemore",3,2011,8,16,6074,52,63,88,93,3,0,10,8
Escapism.,"RAYE, 070 Shake",2,2022,10,12,5129,25,54,25,74,14,0,9,11
Escapism. - Sped Up,"RAYE, 070 Shake",2,2022,11,25,1368,0,44,38,77,9,0,9,20
"Residente: Bzrp Music Sessions, Vol. 49","Residente, Bizarrap",2,2022,3,3,461,0,59,70,74,56,0,11,40
THE SHADE,Rex Orange County,1,2022,3,11,1189,6,90,73,51,39,0,9,6
Lift Me Up - From Black Panther: Wakanda Forever - Music From and Inspired By,Rihanna,1,2022,10,28,3311,0,25,17,30,90,0,13,3
We Found Love,"Rihanna, Calvin Harris",2,2011,1,1,36843,21,73,60,77,3,0,11,4
Friday (feat. Mufasa & Hypeman) - Dopamine Re-Edit,"Riton, Nightcrawlers, Mufasa & Hypeman, Dopamine",4,2021,1,15,12043,0,82,80,86,1,0,30,13
Wild Flower (with youjeen),RM,1,2022,12,2,353,2,49,42,77,3,0,12,9
Don't ever say love me (feat. RM of BTS),"RM, Colde",2,2023,5,4,105,0,54,19,48,36,0,37,5
Miss You,"Robin Schulz, Oliver Tree",2,2022,8,5,5730,10,59,20,74,1,0,15,5
SNAP,Rosa Linn,1,2022,3,19,3202,18,56,53,64,11,0,45,6
SNAP,Rosa Linn,1,2022,3,19,1818,0,56,52,64,11,0,45,7
I Really Want to Stay at Your House,"Rosa Walton, Hallie Coggins",2,2020,12,18,668,1,49,13,74,0,0,9,4
Dandelions,Ruth B.,1,2017,4,28,3423,21,61,45,69,2,0,9,3
Mujeriego,Ryan Castro,1,2021,12,17,1492,0,76,92,62,6,0,8,13
Jordan,Ryan Castro,1,2021,4,30,2844,2,80,71,68,6,0,10,37
Nonsense,Sabrina Carpenter,1,2022,7,15,2346,27,74,68,68,3,0,26,4
"Tere Vaaste (From ""Zara Hatke Zara Bachke"")","Sachin-Jigar, Shadab Faridi, Altamash Faridi, Amitabh Bhattacharya, Varun Jain",5,2023,5,22,182,8,76,96,72,32,0,9,4
Pope Is a Rockstar,SALES,1,2016,4,20,1966,0,73,31,45,85,24,11,3
SPACE MAN,Sam Ryder,1,2022,2,22,1329,0,47,33,83,18,0,10,5
I'm Not The Only One,Sam Smith,1,2014,1,1,17492,3,68,50,49,56,0,8,4
I'm Not Here To Make Friends,"Sam Smith, Calvin Harris, Jessie Reyez",3,2023,1,27,1890,0,70,84,90,17,0,41,6
Unholy (feat. Kim Petras),"Sam Smith, Kim Petras",2,2022,9,22,8576,42,71,24,47,1,0,27,9
Atlantis,Seafret,1,2015,4,22,3045,6,40,23,48,5,0,12,3
No Lie,"Sean Paul, Dua Lipa",2,2016,11,18,7370,0,74,45,89,5,0,26,13
Tacones Rojos,Sebastian Yatra,1,2021,10,22,3047,9,75,93,86,8,0,14,3
Dos Oruguitas,Sebastian Yatra,1,2021,11,19,925,0,42,47,36,76,0,9,5
Volando - Remix,"Sech, Bad Bunny, Mora",3,2021,7,8,3272,19,66,63,69,21,0,11,7
My Mind & Me,Selena Gomez,1,2022,11,3,953,0,60,24,39,57,0,8,3
Super,SEVENTEEN,1,2023,4,24,271,12,77,35,88,16,0,17,9
Pasoori,"Shae Gill, Ali Sethi",2,2022,2,6,349,6,71,67,60,7,0,6,4
Merry Christmas Everyone,Shakin' Stevens,1,1984,1,1,1087,0,72,91,87,14,0,13,3
"Shakira: Bzrp Music Sessions, Vol. 53","Shakira, Bizarrap",2,2023,1,11,5724,44,78,50,63,27,0,9,5
Te Felicito,"Shakira, Rauw Alejandro",2,2022,4,21,4796,9,70,57,64,23,0,8,32
It'll Be Okay,Shawn Mendes,1,2021,12,1,1950,0,40,7,29,62,0,9,3
When You're Gone,Shawn Mendes,1,2022,3,31,2092,0,60,58,69,2,0,58,4
There's Nothing Holdin' Me Back,Shawn Mendes,1,2016,9,23,12382,0,86,97,80,36,0,9,6
Cheques,Shubh,1,2023,5,19,67,8,74,36,63,26,0,27,5
Unstoppable,Sia,1,2016,1,21,7681,13,47,27,78,11,0,10,8
Snowman,Sia,1,2017,1,1,5140,0,72,33,51,48,0,9,3
295,Sidhu Moose Wala,1,2021,5,15,246,4,68,54,76,21,0,11,20
The Rumbling (TV Size),SiM,1,2022,1,10,254,0,41,65,88,0,0,26,5
Erro Gostoso - Ao Vivo,Simone Mendes,1,2023,1,27,984,5,59,63,89,18,0,80,9
Rumble,"Skrillex, Flowdan, Fred again..",3,2022,1,17,2849,0,81,6,84,5,23,6,6
2055,Sleepy hallow,1,2021,4,14,2226,0,78,65,52,46,0,12,31
Die Young (feat. 347aidan),"Sleepy hallow, 347aidan",2,2022,5,25,896,0,81,68,58,83,0,11,34
Bad Decisions (with BTS & Snoop Dogg),"Snoop Dogg, BTS, Benny Blanco",3,2022,8,5,1456,0,77,94,87,2,0,23,12
"Come Back Home - From ""Purple Hearts""",Sofia Carson,1,2022,7,12,367,0,56,43,53,24,0,12,4
QUEMA,"Sog, Ryan Castro, Peso Pluma",3,2023,7,13,437,31,79,92,89,5,0,6,5
Miss You,Southstar,1,1982,5,16,2020,0,66,24,58,17,0,19,5
Watch This - ARIZONATEARS Pluggnb Remix,"sped up nightcore, ARIZONATEARS, Lil Uzi Vert",3,2023,2,5,1638,10,69,36,90,1,10,15,4
What Else Can I Do?,"Stephanie Beatriz, Diane Guerrero",2,2021,11,19,802,0,72,54,71,26,0,10,4
Until I Found You,Stephen Sanchez,1,2021,9,1,4427,4,34,25,51,69,0,18,4
Bad Habit,Steve Lacy,1,2022,6,29,8186,12,69,69,51,63,0,38,4
Dark Red,Steve Lacy,1,2017,2,20,10431,7,60,77,78,45,0,12,6
Static,Steve Lacy,1,2022,7,15,1613,0,34,22,31,43,63,10,7
S-Class,Stray Kids,1,2023,6,2,290,19,89,67,78,9,0,7,33
MANIAC,Stray Kids,1,2022,3,18,651,0,58,71,80,15,0,7,41
Good Looking,Suki Waterhouse,1,2017,10,20,2264,0,37,27,56,8,0,13,3
Freaks,Surf Curse,1,2015,5,10,3006,3,35,41,94,0,63,5,5
"Calling (Spider-Man: Across the Spider-Verse) (Metro Boomin & Swae Lee, NAV, feat. A Boogie Wit da Hoodie)","Swae Lee, A Boogie Wit da Hoodie, Metro Boomin, NAV",4,2023,6,2,1051,16,63,22,54,46,0,12,8
"Annihilate (Spider-Man: Across the Spider-Verse) (Metro Boomin & Swae Lee, Lil Wayne, Offset)","Swae Lee, Lil Wayne, Offset, Metro Boomin",4,2023,6,2,551,4,61,20,48,21,0,12,6
Kill Bill,SZA,1,2022,12,8,8109,77,64,43,73,5,17,16,4
Snooze,SZA,1,2022,12,9,2839,25,56,39,55,14,0,11,13
Low,SZA,1,2022,12,9,1911,0,70,34,55,43,0,16,6
Nobody Gets Me,SZA,1,2022,12,9,2536,6,36,28,28,81,0,18,3
Shirt,SZA,1,2022,10,28,3469,0,82,55,45,15,3,9,10
Blind,SZA,1,2022,12,9,1484,0,46,60,28,91,0,21,4
Good Days,SZA,1,2020,12,24,10426,2,46,53,78,23,0,72,6
Seek & Destroy,SZA,1,2022,12,9,1007,0,65,35,65,44,18,21,7
Love Language,SZA,1,2022,12,9,1127,0,71,55,26,85,0,13,8
Special,SZA,1,2022,12,9,906,0,60,19,20,78,0,11,5
SOS,SZA,1,2022,12,9,827,0,51,51,66,67,0,9,23
Gone Girl,SZA,1,2022,12,9,892,0,43,42,44,57,0,15,6
F2F,SZA,1,2022,12,9,989,0,53,47,74,9,0,34,4
Notice Me,SZA,1,2022,12,9,819,0,72,78,68,28,0,11,12
I Hate U,SZA,1,2021,12,3,4094,0,54,41,39,51,0,11,16
Smoking on my Ex Pack,SZA,1,2022,12,9,811,0,47,33,68,24,0,22,38
Conceited,SZA,1,2022,12,9,899,0,79,77,46,5,0,11,7
Too Late,SZA,1,2022,12,8,714,0,45,35,68,78,0,39,8
Far,SZA,1,2022,12,9,680,0,61,48,55,67,0,16,8
Kiss Me More (feat. SZA),"SZA, Doja Cat",2,2021,4,9,15867,0,77,74,66,30,0,13,3
Used (feat. Don Toliver),"SZA, Don Toliver",2,2022,12,8,1042,0,73,71,69,53,0,32,9
Ghost in the Machine (feat. Phoebe Bridgers),"SZA, Phoebe Bridgers",2,2022,12,9,1634,0,62,59,43,84,3,11,5
Open Arms (feat. Travis Scott),"SZA, Travis Scott",2,2022,12,8,1420,4,67,22,59,76,1,15,16
VIBE (feat. Jimin of BTS),"TAEYANG, Jimin",2,2023,1,13,415,2,79,60,68,7,0,26,4
Shoong! (feat. LISA of BLACKPINK),"TAEYANG, Lisa",2,2023,4,25,351,9,76,26,70,1,0,41,6
MOJABI GHOST,"Tainy, Bad Bunny",2,2023,6,29,859,40,81,74,71,14,0,56,4
Rara Vez,"Taiu, Milo j",2,2023,2,8,893,38,84,96,71,18,0,34,17
you broke me first,Tate McRae,1,2020,4,17,6638,0,64,8,37,79,0,9,5
she's all i wanna be,Tate McRae,1,2022,2,4,2711,0,61,65,64,1,0,12,4
Cruel Summer,Taylor Swift,1,2019,8,23,7858,100,55,58,72,11,0,11,15
Anti-Hero,Taylor Swift,1,2022,10,21,9082,56,64,51,63,12,0,19,5
Blank Space,Taylor Swift,1,2014,1,1,11434,53,75,57,68,9,0,13,6
Style,Taylor Swift,1,2014,1,1,7830,42,60,48,79,0,0,12,4
cardigan,Taylor Swift,1,2020,7,24,7923,29,61,53,58,55,0,27,4
Karma,Taylor Swift,1,2022,10,21,3818,23,64,10,62,7,0,48,7
Enchanted (Taylor's Version),Taylor Swift,1,2023,7,7,148,24,51,22,53,1,0,15,3
Back To December (Taylor's Version),Taylor Swift,1,2023,7,7,139,17,50,20,64,1,0,12,3
Lover,Taylor Swift,1,2012,1,1,8448,23,43,50,55,50,0,15,10
Mine (Taylor's Version),Taylor Swift,1,2023,7,7,99,15,65,49,78,0,0,17,4
august,Taylor Swift,1,2020,7,24,7324,22,51,42,61,53,0,9,3
Enchanted,Taylor Swift,1,2010,1,1,4564,16,45,24,62,8,0,16,3
Shake It Off,Taylor Swift,1,2014,1,1,21335,13,65,95,80,5,0,41,16
Better Than Revenge (Taylor's Version),Taylor Swift,1,2023,7,7,86,11,50,67,89,0,0,19,8
Hits Different,Taylor Swift,1,2023,5,26,547,0,67,24,78,15,0,30,4
Lavender Haze,Taylor Swift,1,2022,10,21,3763,8,73,10,44,26,0,16,8
All Of The Girls You Loved Before,Taylor Swift,1,2019,8,23,1282,6,72,40,47,71,0,13,4
Midnight Rain,Taylor Swift,1,2022,10,21,2612,4,64,18,37,72,0,12,7
"You're On Your Own, Kid",Taylor Swift,1,2022,10,21,2537,2,69,40,39,41,0,13,6
Maroon,Taylor Swift,1,2022,10,21,2304,0,64,4,40,6,0,10,6
Bejeweled,Taylor Swift,1,2022,10,21,2699,0,70,39,56,6,0,9,7
All Too Well (10 Minute Version) (Taylor's Version) (From The Vault),Taylor Swift,1,2021,11,12,4635,5,63,21,52,28,0,9,3
This Love (Taylor's Version),Taylor Swift,1,2022,5,6,1492,0,47,7,50,32,0,7,4
Vigilante Shit,Taylor Swift,1,2022,10,21,1948,0,80,16,28,17,0,12,39
Question...?,Taylor Swift,1,2022,10,21,1608,0,75,11,50,20,0,30,17
Mastermind,Taylor Swift,1,2022,10,21,1936,0,66,12,35,55,0,9,14
Labyrinth,Taylor Swift,1,2022,10,21,1597,0,48,15,31,80,22,12,4
Sweet Nothing,Taylor Swift,1,2022,10,21,1747,0,34,39,16,97,0,12,5
"Would've, Could've, Should've",Taylor Swift,1,2022,10,21,1715,0,48,55,84,43,0,15,12
The Great War,Taylor Swift,1,2022,10,21,1274,0,57,55,74,22,0,8,4
Bigger Than The Whole Sky,Taylor Swift,1,2022,10,21,1180,0,42,7,24,83,1,12,6
Karma (feat. Ice Spice),"Taylor Swift, Ice Spice",2,2023,5,26,588,0,62,7,62,6,0,58,6
Snow On The Beach (feat. Lana Del Rey),"Taylor Swift, Lana Del Rey",2,2022,10,21,2415,0,66,19,32,69,0,12,4
Everybody Wants To Rule The World,Tears For Fears,1,1985,2,17,41751,25,64,54,81,36,0,11,6
Fim de Semana no Rio,teto,1,2022,3,30,315,2,87,28,50,12,0,10,10
Meet Me At Our Spot,"THE ANXIETY, Willow, Tyler Cole",3,2020,3,13,6734,0,77,40,47,2,0,9,3
Something Just Like This,"The Chainsmokers, Coldplay",2,2017,2,22,23375,21,61,47,65,3,0,17,4
Closer,"The Chainsmokers, Halsey",2,2016,5,31,28032,0,75,64,52,41,0,11,3
Iris,The Goo Goo Dolls,1,1998,3,31,13101,9,32,49,72,0,0,9,4
Love Again,The Kid Laroi,1,2023,1,27,1283,0,66,47,40,72,0,11,3
Thousand Miles,The Kid Laroi,1,2022,4,22,2050,0,38,20,66,9,0,9,8
Mr. Brightside,The Killers,1,2003,9,23,51979,15,35,24,93,0,0,10,8
Sweater Weather,The Neighbourhood,1,2012,5,14,16413,61,61,41,81,5,2,10,3
Softcore,The Neighbourhood,1,2018,3,9,3947,12,57,36,58,5,0,15,3
Daddy Issues,The Neighbourhood,1,2015,10,30,9771,4,59,33,52,7,15,12,3
Every Breath You Take - Remastered 2003,The Police,1,1983,1,6,22439,19,82,73,45,54,0,7,3
Notion,The Rare Occasions,1,2016,8,5,2393,0,31,30,88,7,0,8,8
Sleigh Ride,The Ronettes,1,1963,11,22,10114,0,53,84,77,40,0,32,3
I Love You So,The Walters,1,2014,11,28,7536,7,58,46,67,65,0,13,4
Die For You,The Weeknd,1,2016,11,24,2483,59,59,51,52,9,0,15,7
Blinding Lights,The Weeknd,1,2019,11,29,43899,69,50,38,80,0,0,9,7
Save Your Tears,The Weeknd,1,2020,3,20,12688,13,68,61,82,2,0,50,3
Reminder,The Weeknd,1,2016,11,25,6518,17,71,40,50,16,0,16,22
Call Out My Name,The Weeknd,1,2018,3,29,11087,6,45,17,60,21,0,33,4
The Hills,The Weeknd,1,2015,5,27,25744,4,36,12,57,9,0,14,8
After Hours,The Weeknd,1,2020,2,19,8084,6,66,16,57,10,1,12,3
Sacrifice,The Weeknd,1,2022,1,7,4440,0,70,91,79,3,0,7,10
Is There Someone Else?,The Weeknd,1,2022,1,7,2881,6,70,60,58,4,0,16,3
Out of Time,The Weeknd,1,2022,1,7,3711,0,65,82,74,27,0,32,5
How Do I Make You Love Me?,The Weeknd,1,2022,1,7,1915,0,80,62,51,2,0,9,8
Gasoline,The Weeknd,1,2022,1,7,2297,0,74,35,73,0,0,21,5
Less Than Zero,The Weeknd,1,2022,1,7,2800,0,53,50,79,0,0,8,3
Take My Breath,The Weeknd,1,2021,8,6,2597,0,70,35,77,1,0,26,4
Best Friends,The Weeknd,1,2022,1,7,1292,0,49,49,59,44,0,35,21
Dawn FM,The Weeknd,1,2022,1,7,811,0,27,10,49,62,0,49,5
Starry Eyes,The Weeknd,1,2022,1,7,1014,0,28,13,41,50,0,19,3
A Tale By Quincy,The Weeknd,1,2022,1,7,733,0,46,55,50,71,0,10,11
Every Angel is Terrifying,The Weeknd,1,2022,1,7,715,0,44,52,94,11,0,4,29
Phantom Regret by Jim,The Weeknd,1,2022,1,7,768,0,46,23,48,75,30,14,4
Take My Breath,The Weeknd,1,2021,8,6,6392,0,75,53,74,2,0,11,5
Creepin',"The Weeknd, 21 Savage, Metro Boomin",3,2022,12,2,6036,88,71,17,61,36,0,8,5
Starboy,"The Weeknd, Daft Punk",2,2016,9,21,29536,79,68,49,59,16,0,13,28
Double Fantasy (with Future),"The Weeknd, Future",2,2023,4,21,1169,0,60,10,57,1,0,50,3
I Was Never There,"The Weeknd, Gesaffelstein",2,2018,3,29,4188,15,32,17,74,14,0,17,3
Lost in the Fire,"The Weeknd, Gesaffelstein",2,2019,1,11,7731,2,66,18,68,9,0,12,4
Stargirl Interlude,"The Weeknd, Lana Del Rey",2,2016,11,24,1275,32,59,52,48,38,5,10,11
I Heard You're Married (feat. Lil Wayne),"The Weeknd, Lil Wayne",2,2022,1,7,1178,0,75,85,84,10,0,31,19
Popular (with Playboi Carti & Madonna) - The Idol Vol. 1 (Music from the HBO Original Series),"The Weeknd, Madonna, Playboi Carti",3,2023,6,2,1945,87,85,83,68,7,0,36,20
One Right Now (with The Weeknd),"The Weeknd, Post Malone",2,2021,11,5,4771,0,68,72,78,4,0,7,5
Moth To A Flame (with The Weeknd),"The Weeknd, Swedish House Mafia",2,2021,10,22,7495,17,56,16,67,0,0,11,4
SPIT IN MY FACE!,ThxSoMch,1,2022,10,31,629,14,73,65,79,5,2,11,6
SPIT IN MY FACE!,ThxSoMch,1,2022,10,31,573,0,70,57,57,9,20,11,7
Cupido,Tini,1,2023,2,14,1240,24,91,63,58,52,0,31,22
Bar,"Tini, L-Gante",2,2021,11,11,755,4,52,68,69,13,0,33,8
Another Love,Tom Odell,1,2012,10,15,18371,83,45,13,54,70,0,9,4
Sugar Rush Ride,TOMORROW X TOGETHER,1,2023,1,27,359,0,71,83,89,1,0,17,9
Dance Monkey,Tones and I,1,2019,5,10,24529,0,82,54,59,69,0,18,10
La Corriente,"Tony Dize, Bad Bunny",2,2022,5,6,1796,8,66,58,79,23,0,22,20
The Color Violet,Tory Lanez,1,2021,12,10,2585,32,65,46,53,16,0,9,5
Niagara Falls (Foot or 2) [with Travis Scott & 21 Savage],"Travis Scott, 21 Savage, Metro Boomin",3,2022,12,2,1602,0,49,24,66,19,0,18,29
Raindrops (Insane) [with Travis Scott],"Travis Scott, Metro Boomin",2,2022,12,2,880,0,80,15,54,9,0,38,5
Trance (with Travis Scott & Young Thug),"Travis Scott, Young Thug, Metro Boomin",3,2022,12,2,1682,46,75,48,53,18,0,18,34
DARARI,Treasure,1,2022,2,15,328,0,72,55,64,49,0,7,4
Lovezinho,Treyce,1,2022,7,28,242,0,82,61,59,30,0,12,4
Rush,Troye Sivan,1,2023,7,13,864,78,74,35,84,0,0,11,6
Angel Baby,Troye Sivan,1,2021,9,9,1959,9,56,41,57,1,0,13,3
DANCE CRIP,Trueno,1,2021,11,17,731,0,86,86,79,11,0,8,9
Salimo de Noche,"Trueno, Tiago pzk",2,2021,10,21,1057,0,67,78,63,29,0,12,5
Hati-Hati di Jalan,Tulus,1,2022,3,3,200,2,64,76,44,70,9,12,4
Lovers Rock,TV Girl,1,2014,6,5,6339,13,56,57,87,0,1,10,4
The Feels,TWICE,1,2021,10,1,1150,0,81,92,90,9,0,8,7
Talk that Talk,TWICE,1,2022,8,26,615,0,77,78,91,14,0,33,12
WORTH NOTHING,"Twisted, Oliver Tree",2,2022,9,28,1612,0,58,17,62,18,0,20,8
Freaky Deaky,"Tyga, Doja Cat",2,2022,2,25,1729,0,80,24,65,2,0,9,4
DOGTOOTH,"Tyler, The Creator",2,2023,3,27,1479,0,71,80,65,51,0,22,32
SORRY NOT SORRY,"Tyler, The Creator",2,2023,3,31,709,0,48,50,80,40,0,37,20
NEW MAGIC WAND,"Tyler, The Creator",2,2019,5,16,4708,0,62,46,73,10,0,67,11
See You Again,"Tyler, The Creator, Kali Uchis",3,2017,7,21,13387,64,56,58,56,37,0,11,10
I Tried to Tell Y'all,"Ugly Dray, Tesla Jnr",2,2022,5,6,1657,0,71,37,52,62,0,11,36
Christmas Tree,V,1,2021,12,24,509,9,44,18,38,70,0,12,4
Riptide,Vance Joy,1,1975,1,1,31123,55,48,50,73,43,0,15,4
En El Radio Un Cochinero,Victor Cibrian,1,2022,5,13,514,0,70,97,62,47,0,10,4
"Besharam Rang (From ""Pathaan"")","Vishal-Shekhar, Shilpa Rao, Caralisa Monteiro, Kumaar, Vishal Dadlani, Shekhar Ravjiani",6,2022,12,12,130,4,77,65,80,6,0,15,4
Alien Blues,Vundabar,1,2015,7,24,1930,0,47,44,76,8,91,9,3
Last Christmas,Wham!,1,1984,1,1,22153,0,74,88,65,28,0,46,3
Wait a Minute!,Willow,1,2015,1,11,11985,0,76,63,71,3,0,10,3
"Link Up (Metro Boomin & Don Toliver, Wizkid feat. BEAM & Toian) - Spider-Verse Remix (Spider-Man: Across the Spider-Verse )","WizKid, Toian, Metro Boomin, Don Toliver, Beam",5,2023,6,2,197,0,92,59,51,41,51,26,8
Revenge,XXXTENTACION,1,2017,8,25,3600,11,75,18,25,78,0,11,26
Hope,XXXTENTACION,1,2018,3,16,3659,0,59,23,46,66,0,15,6
Soy El Unico,Yahritza Y Su Esencia,1,2022,3,25,226,0,71,63,45,45,0,11,3
Yandel 150,"Yandel, Feid",2,2022,12,20,3618,38,78,58,73,5,0,10,7
Talk,YEAT,1,2022,9,2,920,0,70,26,76,8,0,54,23
La Bebe,Yng Lvcas,1,2021,12,24,489,17,78,75,46,62,0,12,35
pushin P (feat. Young Thug),"Young Thug, Future, Gunna",3,2022,1,7,3517,0,77,49,42,1,1,13,19
Betty (Get Money),Yung Gravy,1,2022,6,10,2402,0,73,62,75,0,0,34,8
Ginseng Strip 2002,Yung Lean,1,2013,8,16,4310,0,60,37,71,8,0,48,4
Something in the Orange,Zach Bryan,1,2022,4,22,3282,12,59,22,38,42,0,12,3
Yo Voy (feat. Daddy Yankee),Zion & Lennox,1,2004,5,4,2954,2,81,56,70,4,0,5,24
